<?xml version="1.0" encoding="UTF-8"?>
<project-private xmlns="http://www.netbeans.org/ns/project-private/1">
    <editor-bookmarks xmlns="http://www.netbeans.org/ns/editor-bookmarks/2" lastBookmarkId="0"/>
    <open-files xmlns="http://www.netbeans.org/ns/projectui-open-files/2">
        <group>
            <file>file:/C:/Users/golan/Downloads/SPTV22FXShop/src/sptv22fxshop/SPTV22FXShop.java</file>
            <file>file:/C:/Users/golan/Downloads/SPTV22FXShop/src/customers/newcustomer/NewcustomerController.java</file>
            <file>file:/C:/Users/golan/Downloads/SPTV22FXShop/src/sptv22fxshop/home.css</file>
            <file>file:/C:/Users/golan/Downloads/SPTV22FXShop/src/action/purchase/PurchaseController.java</file>
            <file>file:/C:/Users/golan/Downloads/SPTV22FXShop/src/customers/listcustomers/ListcustomersController.java</file>
            <file>file:/C:/Users/golan/Downloads/SPTV22FXShop/nbproject/build-impl.xml</file>
            <file>file:/C:/Users/golan/Downloads/SPTV22FXShop/src/products/newproduct/newproduct.fxml</file>
            <file>file:/C:/Users/golan/Downloads/SPTV22FXShop/src/customers/listcustomers/listcustomers.fxml</file>
            <file>file:/C:/Users/golan/Downloads/SPTV22FXShop/src/sptv22fxshop/HomeController.java</file>
            <file>file:/C:/Users/golan/Downloads/SPTV22FXShop/src/products/listproducts/listproducts.css</file>
            <file>file:/C:/Users/golan/Downloads/SPTV22FXShop/src/products/listproducts/listproducts.fxml</file>
            <file>file:/C:/Users/golan/Downloads/SPTV22FXShop/src/entity/History.java</file>
            <file>file:/C:/Users/golan/Downloads/SPTV22FXShop/src/entity/Customer.java</file>
            <file>file:/C:/Users/golan/Downloads/SPTV22FXShop/src/products/newproduct/NewproductController.java</file>
            <file>file:/C:/Users/golan/Downloads/SPTV22FXShop/src/action/purchase/purchase.css</file>
            <file>file:/C:/Users/golan/Downloads/SPTV22FXShop/src/action/purchase/purchase.fxml</file>
            <file>file:/C:/Users/golan/Downloads/SPTV22FXShop/src/products/listproducts/ListproductsController.java</file>
            <file>file:/C:/Users/golan/Downloads/SPTV22FXShop/src/sptv22fxshop/home.fxml</file>
            <file>file:/C:/Users/golan/Downloads/SPTV22FXShop/src/META-INF/persistence.xml</file>
        </group>
    </open-files>
</project-private>
