<?xml version="1.0" encoding="UTF-8"?>
<project-private xmlns="http://www.netbeans.org/ns/project-private/1">
    <editor-bookmarks xmlns="http://www.netbeans.org/ns/editor-bookmarks/2" lastBookmarkId="0"/>
    <open-files xmlns="http://www.netbeans.org/ns/projectui-open-files/2">
        <group>
            <file>file:/C:/Users/golan/Downloads/SPTV22FXShop/SPTV22FXShop/src/customers/custrat/CustratController.java</file>
            <file>file:/C:/Users/golan/Downloads/SPTV22FXShop/SPTV22FXShop/src/sptv22fxshop/HomeController.java</file>
            <file>file:/C:/Users/golan/Downloads/SPTV22FXShop/SPTV22FXShop/src/entity/Product.java</file>
            <file>file:/C:/Users/golan/Downloads/SPTV22FXShop/SPTV22FXShop/src/products/prodrat/prodrat.css</file>
            <file>file:/C:/Users/golan/Downloads/SPTV22FXShop/SPTV22FXShop/src/action/custchange/CustchangeController.java</file>
            <file>file:/C:/Users/golan/Downloads/SPTV22FXShop/SPTV22FXShop/src/customers/money/money.fxml</file>
            <file>file:/C:/Users/golan/Downloads/SPTV22FXShop/SPTV22FXShop/src/action/prodchange/ProdchangeController.java</file>
            <file>file:/C:/Users/golan/Downloads/SPTV22FXShop/SPTV22FXShop/src/customers/money/MoneyController.java</file>
            <file>file:/C:/Users/golan/Downloads/SPTV22FXShop/SPTV22FXShop/src/action/custchange/custchange.fxml</file>
            <file>file:/C:/Users/golan/Downloads/SPTV22FXShop/SPTV22FXShop/src/customers/custrat/custrat.fxml</file>
            <file>file:/C:/Users/golan/Downloads/SPTV22FXShop/SPTV22FXShop/src/action/purchase/purchase.css</file>
            <file>file:/C:/Users/golan/Downloads/SPTV22FXShop/SPTV22FXShop/src/action/prodchange/prodchange.fxml</file>
            <file>file:/C:/Users/golan/Downloads/SPTV22FXShop/SPTV22FXShop/src/customers/listcustomers/ListcustomersController.java</file>
            <file>file:/C:/Users/golan/Downloads/SPTV22FXShop/SPTV22FXShop/src/products/newproduct/newproduct.fxml</file>
            <file>file:/C:/Users/golan/Downloads/SPTV22FXShop/SPTV22FXShop/src/entity/Customer.java</file>
            <file>file:/C:/Users/golan/Downloads/SPTV22FXShop/SPTV22FXShop/src/customers/custrat/custrat.css</file>
            <file>file:/C:/Users/golan/Downloads/SPTV22FXShop/SPTV22FXShop/src/entity/History.java</file>
            <file>file:/C:/Users/golan/Downloads/SPTV22FXShop/SPTV22FXShop/src/sptv22fxshop/SPTV22FXShop.java</file>
            <file>file:/C:/Users/golan/Downloads/SPTV22FXShop/SPTV22FXShop/src/products/listproducts/ListproductsController.java</file>
            <file>file:/C:/Users/golan/Downloads/SPTV22FXShop/SPTV22FXShop/src/action/purchase/PurchaseController.java</file>
            <file>file:/C:/Users/golan/Downloads/SPTV22FXShop/SPTV22FXShop/src/products/newproduct/NewproductController.java</file>
            <file>file:/C:/Users/golan/Downloads/SPTV22FXShop/SPTV22FXShop/src/customers/newcustomer/NewcustomerController.java</file>
            <file>file:/C:/Users/golan/Downloads/SPTV22FXShop/SPTV22FXShop/src/action/prodchange/prodchange.css</file>
            <file>file:/C:/Users/golan/Downloads/SPTV22FXShop/SPTV22FXShop/src/customers/money/money.css</file>
            <file>file:/C:/Users/golan/Downloads/SPTV22FXShop/SPTV22FXShop/src/action/custchange/custchange.css</file>
            <file>file:/C:/Users/golan/Downloads/SPTV22FXShop/SPTV22FXShop/src/products/prodrat/ProdratController.java</file>
            <file>file:/C:/Users/golan/Downloads/SPTV22FXShop/SPTV22FXShop/src/products/prodrat/prodrat.fxml</file>
        </group>
    </open-files>
</project-private>
