<?xml version="1.0" encoding="UTF-8"?>
<project-private xmlns="http://www.netbeans.org/ns/project-private/1">
    <editor-bookmarks xmlns="http://www.netbeans.org/ns/editor-bookmarks/2" lastBookmarkId="0"/>
    <open-files xmlns="http://www.netbeans.org/ns/projectui-open-files/2">
        <group>
            <file>file:/C:/Users/golan/Downloads/sad/zaharconshoap/src/manager/ProductManager.java</file>
            <file>file:/C:/Users/golan/Downloads/sad/zaharconshoap/src/entity/History.java</file>
            <file>file:/C:/Users/golan/Downloads/sad/zaharconshoap/src/manager/SkidkaManager.java</file>
            <file>file:/C:/Users/golan/Downloads/sad/zaharconshoap/src/entity/Customer.java</file>
            <file>file:/C:/Users/golan/Downloads/sad/zaharconshoap/src/manager/DatabaseManager.java</file>
            <file>file:/C:/Users/golan/Downloads/sad/zaharconshoap/src/manager/CustomerManager.java</file>
            <file>file:/C:/Users/golan/Downloads/sad/zaharconshoap/src/manager/HistoryManager.java</file>
            <file>file:/C:/Users/golan/Downloads/sad/zaharconshoap/src/entity/Product.java</file>
            <file>file:/C:/Users/golan/Downloads/sad/zaharconshoap/src/zaharius/simanius/App.java</file>
            <file>file:/C:/Users/golan/Downloads/sad/zaharconshoap/src/zaharius/simanius/zahharshop.java</file>
            <file>file:/C:/Users/golan/Downloads/sad/zaharconshoap/src/manager/SaveManager.java</file>
        </group>
    </open-files>
</project-private>
