<?xml version="1.0" encoding="UTF-8"?>
<project-private xmlns="http://www.netbeans.org/ns/project-private/1">
    <editor-bookmarks xmlns="http://www.netbeans.org/ns/editor-bookmarks/2" lastBookmarkId="0"/>
    <open-files xmlns="http://www.netbeans.org/ns/projectui-open-files/2">
        <group>
            <file>file:/C:/Users/user/Desktop/SPTV22FXLibrary/src/sptv22fxlibrary/home.css</file>
            <file>file:/C:/Users/user/Desktop/SPTV22FXLibrary/src/users/newuser/NewuserController.java</file>
            <file>file:/C:/Users/user/Desktop/SPTV22FXLibrary/src/authors/listauthors/ListauthorsController.java</file>
            <file>file:/C:/Users/user/Desktop/SPTV22FXLibrary/src/sptv22fxlibrary/HomeController.java</file>
            <file>file:/C:/Users/user/Desktop/SPTV22FXLibrary/src/books/newbook/newbook.css</file>
            <file>file:/C:/Users/user/Desktop/SPTV22FXLibrary/src/entity/Author.java</file>
            <file>file:/C:/Users/user/Desktop/SPTV22FXLibrary/src/sptv22fxlibrary/SPTV22FXLibrary.java</file>
            <file>file:/C:/Users/user/Desktop/SPTV22FXLibrary/src/books/newbook/newbook.fxml</file>
            <file>file:/C:/Users/user/Desktop/SPTV22FXLibrary/src/authors/listauthors/listauthors.css</file>
            <file>file:/C:/Users/user/Desktop/SPTV22FXLibrary/src/users/newuser/newuser.css</file>
            <file>file:/C:/Users/user/Desktop/SPTV22FXLibrary/src/users/newuser/newuser.fxml</file>
            <file>file:/C:/Users/user/Desktop/SPTV22FXLibrary/src/books/newbook/NewbookController.java</file>
            <file>file:/C:/Users/user/Desktop/SPTV22FXLibrary/src/sptv22fxlibrary/home.fxml</file>
            <file>file:/C:/Users/user/Desktop/SPTV22FXLibrary/src/authors/listauthors/listauthors.fxml</file>
        </group>
    </open-files>
</project-private>
